Но он не выполнил ни одного условия договора и по Решению Адвокатской Палаты Волгоградской области в сентябре 2008г . он был лишен адвокатского статуса и сбежал в Москву , где немного успел поработать в Московской Хельсинской группе ( поступили исп . листы на него по мошенничеству .)
В данном сообщении от 27 . 01 . 2011 дословно приведен текст вопроса Барсуковой Л . И ., заданной ею на юридическом форуме по адресу :
Сотрудниками Бюро специальных технических мероприятий ГУ МВД России по г . Москве ( адрес для направления запросов суда и следствия : 107078 , г . Москва , ул . Мясницкая , д . 49 / 22 ) были проведены специальные оперативно - технические мероприятия по запросу суда .
На вопрос суда к потерпевшему о причинах отказа от обвинения , Селин В . В . пояснил суду , что он увеличил размер , предъявленного Соколовой Ю . С . обвинения , и 29 сентября 2011 года зарегистрировал заявление в ГУ МВД России по г . Москве о возбуждении уголовного дела публичного обвинения в отношении Соколовой Ю . С . по ст . 129 ч . 3 УК РФ .
В том числе его бывшие жены : Селина Елена Ивановна , благодаря махинациям супруга побывавшая в тюрьме , и Селина Наталья Суреновна , которую супруг успешно обокрал , похитив денежные средства в размере нескольких тысяч долларов и обманным путем завладев именными акциями компании Газпром .
Судья - Чистяков О . А . гражданское дело № 33 - 6975 / 2010
Рассмотрела в судебном заседании гражданское дело по иску Селина Валентина Валентиновича к Адвокатской палате Волгоградской области от отмене решения Совета Адвокатской палаты Волгоградской области , восстановлении на работе , понуждении удовлетворить уведомление об изменении членства ,
Селин В . В . обратился в суд с иском к Адвокатской палате Волгоградской области ( далее по тексту Палата ), об отмене решения Совета Палаты от 26 сентября 2008 года о прекращении статуса адвоката Селину В . В .; обязать Палату удовлетворить его уведомление от 15 сентября 2008 года об изменении членства ; восстановить его на работе в « Адвокатский кабинет Селина В . В .» в качестве заведующего адвокатским кабинетом .
К уведомлению была приложена копия свидетельства о временной регистрации № 821 от 11 сентября 2008 года сроком на 5 ( пять ) лет по адресу : ... ..., ..., ..., ..., .... 26 сентября 2008 года Совет Адвокатской палаты , рассмотрев дисциплинарное производство , возбужденное президентом Адвокатской палаты в отношении адвоката ФИО4 по жалобам ФИО7 и ФИО6 , руководствуясь ст . 18 п . 1 , 6 , ст . 25 Кодекса профессиональной этики адвоката решил : « Селину В . В . вынести предупреждение », руководствуясь п . п . 1 - 2 , п . 2 ст . 17 ФЗ « Об адвокатской деятельности и адвокатуре в РФ », ст . ст . 18 п . 6 , 25 Кодекса профессиональной этики решил : « Селину В . В . статус адвоката прекратить ».
начальника Управления Министерства юстиции по Волгоградской области № 77 - п от 24 сентября 2002 года сведения о присвоении Селину В . В . статуса адвоката были внесены в реестр адвокатов Волгоградской области л . д . 39 - 50 ).
Так , Советом адвокатской палаты Волгоградской области , было установлено , что по договору ( соглашению ) об оказании юридических услуг , заключенному с ФИО11 , предмет договора указанный Селиным В . В . как отмена приговора по делу Номер обезличен и взыскание морального вреда с лиц , выступающих свидетелями по делу , указан нечетко и расплывчато , взятые обязательства не входят в компетенцию адвоката , основания компенсации морального вреда четко указаны в ГК РФ .
Девушка по телефону объяснила , что консультация будет бесплатной , чтобы сегодня же приезжал ... Приехал : Проспект Мира д . 101 ( вход со двора ), переписали мои данные , выспрашивали между делом с кем живу , где работаю ... Скорее всего это развод на деньги и мошенничество !!!
Вспомните про Лос - Анджелес 1992
Новогодний подарок получили жители дома 8а по ул . Козьмодемьянской в Великом Новгорде .
Даритель безвозмездно передает в собственность Одаряемому , а Одаряемый принимает в качестве дара квартиру , расположенную по адресу : ____ , дом 26 ( двадцать шесть ), квартира 13 ( тринадцать ) ( далее – Квартира ).
адрес : 141500 Московская область , г . Солнечногорск ,
ул . Почтовая ул . д . 33
( л . д . )
к ФЗ от 17 . 07 . 1999 N178 ( л . д . )
Условия : зарплата - по результатам собеседования ( обсуждается индивидуально ), офис станция метро ул . 1905г .
Условия : зарплата по результатам собеседования ( обсуждается индивидуально ), офис станция метро ул . 1905г .
Об исторической вине Балтии перед Россией пишет публицист Елена Чудинова в газете « Наше время » .
(« Что же это Вы , Войно - Ясенецкий , днем в больнице людей режете , а по вечерам псалмы распеваете ?» — « Я людей режу из человеколюбия , а вот вы — ИЗ ЧЕГО ?» Да разве их всех тут перечислишь , всех этих Берзеней ( три штуки и все в командирах - комиссарах ), Лудри , Лонгва , Ленцманисов (« из семьи батрака »)!
С 1988 по 1997 год работа не Москва – и это предприятие реорганизовано , но есть от 2009 года справка по зарплате и отчислениям по этому месту работы за весь период работы с указанием счетов и прочих подробностей , но только за 20 месяцев подряд , потом перерыв на 3 года ( декрет ) и потом за 54 месяца подряд .
3 . 4 . 5 . 6 . Логическая ошибка обобщение частного случая до правила .
Признать за В . М . право пользования 2 / 6 долей в праве собственности на жилое помещение , расположенное по адресу : г . Липецк , принадлежащих Т . В . и А . В ..
обратилась в суд с иском к П . Ф ., С . П . о вселении , признании права пользования жилым помещением , устранении препятствий в пользовании жилым помещением , указывая , что квартира дома по ул . г . Липецка принадлежит на праве собственности по 1 / 6 доли : ее мужу Т . В ., ее несовершеннолетнему сыну А . В ., а также П . Ф ., С . П ., О . Е ., О . П . Истица является членом семьи собственников : женой Т . В . и матерью несовершеннолетнего А . В ., однако ответчики препятствуют ей в пользовании спорной квартирой , в сентябре 2009 года выгнали ее из квартиры .
Как установлено судом и следует из материалов дела , П . Ф ., О . П ., Т . В ., С . П ., О . Е ., А . В . на праве собственности принадлежит по 1 / 6 доли трехкомнатной квартиры дома по ул . г . Липецка ( л . д . 5 , 6 , 19 , 20 , 21 , 22 , 23 ).
Все собственники квартиры зарегистрированы как постоянно проживающие в этой квартире ( л . д . 7 , 8 ).
( л . д . 9 ), несовершеннолетний А . В . является их сыном ( л . д . 10 ).
Изложить абзац 2 резолютивной части решения в следующей редакции : « Признать за В . М . право пользования квартирой дома по ул . в г . Липецке ».
УНБТФ была создана 01 . 06 . 1964 решением собрания уполномоченных рыболовецких колхозов Ленинградской обл : им « Ленина », им « Калинина », « Прогресс », « Балтика » ( протокол собрания № 3 от 26 . 05 . 1964 ).

